model,rmse,mae,r2,training_seconds,training_rows
Extra Trees,5.749691968408706,4.126346364293276,0.9992966410947567,1.919024701000012,24000
Random Forest,7.541022352761714,5.3921371183421725,0.998790103307627,2.4510566210000206,24000
Ridge Regression,10.003513258825473,7.333420829069093,0.9978709153078876,0.1527538509999431,24000
Linear Regression,10.003513421732865,7.3334372062819835,0.9978709152385433,0.1025903439999638,24000
Decision Tree,10.867694496365834,7.778383836959098,0.9974871725014489,0.3606640689999949,24000
