Good_Investment,Count,Share
0,136954,0.547816
1,113046,0.452184
